<?xml version="1.0" encoding="UTF-8"?>
<description xmlns="http://openoffice.org/extensions/description/2006"
	xmlns:xlink="http://www.w3.org/1999/xlink">
	<version value="0.7-2015-02-07" />
	<identifier value="lu.spellchecker.oxt"/>
	<registration>
		<simple-license accept-by="admin" default-license-id="en" suppress-on-update="true" suppress-if-required="true">
			<license-text xlink:href="registration/README_lb_LU.txt" lang="en" license-id="en"/>
		</simple-license>
	</registration>
	<update-information>
		<src xlink:href="http://downloads.spellchecker.lu/packages/OOo3/lb_LU.update.xml" />
	</update-information>
	<identifier value="spellchecker.lu.lb-LU.dictionaries" />
	<display-name>
		<name lang="en">Spellchecker.lu - Luxembourgish dictionary and thesaurus</name>
	</display-name>
	<publisher>
		<name lang="en" xlink:href="http://michel.weimerskirch.net">Michel Weimerskirch</name>
	</publisher>
	<platform value="all" />
	<dependencies>
		<OpenOffice.org-minimal-version value="3.0" d:name="OpenOffice.org 3.0" />
	</dependencies>
</description>